id_custumer,custumer_name,City,Latitude,Longitude
2431,CUSTOMER 2431,Alagoinhas,-12.10368,-38.35509
2434,CUSTOMER 2434,Alfenas,-21.466445,-45.996509
2437,CUSTOMER 2437,Alfenas,-21.466855,-45.984828
2440,CUSTOMER 2440,Anápolis,-16.424773,-48.993149
2443,CUSTOMER 2443,Anápolis,-16.33682,-48.98764000000001
2446,CUSTOMER 2446,Andradas,-22.11501,-46.60979
2449,CUSTOMER 2449,Aparecida De Goiânia,-16.83137,-49.29617
2452,CUSTOMER 2452,Aparecida De Goiânia,-16.823551,-49.275185
2455,CUSTOMER 2455,Apucarana,-23.589266,-51.495113
2458,CUSTOMER 2458,Apucarana,-23.589472,-51.495614
2461,CUSTOMER 2461,Apucarana,-23.551175,-51.46437700000001
2464,CUSTOMER 2464,Araçariguama,-23.467887,-47.141173
2467,CUSTOMER 2467,Araçariguama,-23.4688,-47.11020000000001
2470,CUSTOMER 2470,Arapongas,-23.4542,-51.46120000000001
2473,CUSTOMER 2473,Araranguá,-28.989218,-49.543784
2476,CUSTOMER 2476,Araranguá,-28.989218,-49.543784
2479,CUSTOMER 2479,Araranguá,-28.975791,-49.498983
2482,CUSTOMER 2482,Araranguá,-28.989271,-49.543779
2485,CUSTOMER 2485,Araranguá,-28.989307,-49.543768
2488,CUSTOMER 2488,Araraquara,-21.85451,-48.18663
2491,CUSTOMER 2491,Araraquara,-21.8435,-48.1955
2494,CUSTOMER 2494,Araraquara,-21.86225,-48.18734000000001
2497,CUSTOMER 2497,Araraquara,-21.8392,-48.2062
2500,CUSTOMER 2500,Araraquara,-21.813534,-48.21128700000001
2503,CUSTOMER 2503,Araraquara,-21.829056,-48.21403900000001
2506,CUSTOMER 2506,Araraquara,-21.837071,-48.20360700000001
2509,CUSTOMER 2509,Araucaria,-25.572968,-49.40161800000001
2512,CUSTOMER 2512,Araucaria,-25.598768,-49.425595
2515,CUSTOMER 2515,Araucária,-25.6082,-49.41820000000001
2518,CUSTOMER 2518,Araucária,-25.5902,-49.4082
2521,CUSTOMER 2521,Araucária,-25.5902,-49.4082
2524,CUSTOMER 2524,Araucária,-25.553206,-49.37974000000001
2527,CUSTOMER 2527,Araucária,-25.6134,-49.4331
2530,CUSTOMER 2530,Atibaia,-23.0879,-46.71270000000001
2533,CUSTOMER 2533,Atibaia,-23.08875,-46.71209
2536,CUSTOMER 2536,Atibaia,-23.14516,-46.58411
2539,CUSTOMER 2539,Atibaia,-23.14516,-46.58411
2542,CUSTOMER 2542,Bagé,-31.361519,-54.14693200000001
2545,CUSTOMER 2545,Balneário Camboriú,-27.008612,-48.673451
2548,CUSTOMER 2548,Barra Do Piraí,-22.51254,-44.05376
2551,CUSTOMER 2551,Barreiras,-12.1562,-45.12520000000001
2554,CUSTOMER 2554,Batatais,-20.9412,-47.6272
2557,CUSTOMER 2557,Batatais,-20.9382,-47.62820000000001
2560,CUSTOMER 2560,Batatais,-20.941602,-47.626913
2563,CUSTOMER 2563,Bela Vista De Goiás,-17.0872,-48.99120000000001
2566,CUSTOMER 2566,Belford Roxo,-22.7962,-43.41820000000001
2569,CUSTOMER 2569,Belo Horizonte,-19.9382,-43.96720000000001
2572,CUSTOMER 2572,Belo Horizonte,-19.962075,-43.93320300000001
2575,CUSTOMER 2575,Belo Horizonte,-19.958874,-43.988122
2578,CUSTOMER 2578,Belo Horizonte,-19.958477,-43.966276
2581,CUSTOMER 2581,Belo Horizonte,-19.970454,-43.959975
2584,CUSTOMER 2584,Belo Horizonte,-19.957909,-43.96125900000001
2587,CUSTOMER 2587,Belo Horizonte,-20.020737,-44.041862
2590,CUSTOMER 2590,Betim,-20.0032,-44.2342
2593,CUSTOMER 2593,Betim,-19.983837,-44.22571000000001
2596,CUSTOMER 2596,Betim,-19.988615,-44.103514
2599,CUSTOMER 2599,Betim,-19.985183,-44.108145
2602,CUSTOMER 2602,Betim,-19.988484,-44.105552
2605,CUSTOMER 2605,Blumenau,-26.961912,-49.09108800000001
2608,CUSTOMER 2608,Bom Jesus De Goiás,-18.235992,-49.804469
2611,CUSTOMER 2611,Braço Do Norte,-28.306868,-49.20249800000001
2614,CUSTOMER 2614,Brasilia,-15.80994,-47.96529
2617,CUSTOMER 2617,Brasilia,-16.08199,-48.07353000000001
2620,CUSTOMER 2620,Brasilia,-16.05246,-48.02799
2623,CUSTOMER 2623,Brasilia,-16.04914,-48.09687
2626,CUSTOMER 2626,Brasilia,-15.85577,-47.95832
2629,CUSTOMER 2629,Brasília,-15.87068,-47.95131000000001
2632,CUSTOMER 2632,Brasília,-15.785278,-47.959657
2635,CUSTOMER 2635,Brasília,-15.880865,-48.08504300000001
2638,CUSTOMER 2638,Brasília,-15.984759,-48.040129
2641,CUSTOMER 2641,Brasília,-15.8132,-47.96420000000001
2644,CUSTOMER 2644,Brasília,-15.9082,-48.0762
2647,CUSTOMER 2647,Brasília,-15.8132,-47.96420000000001
2650,CUSTOMER 2650,Brasília,-15.87664,-47.920752
2653,CUSTOMER 2653,Brasília,-15.836432,-47.96996
2656,CUSTOMER 2656,Brasília,-15.887823,-48.07481000000001
2659,CUSTOMER 2659,Brasília,-15.795483,-47.911886
2662,CUSTOMER 2662,Brasília,-15.861993,-47.965501
2665,CUSTOMER 2665,Brasília,-15.855954,-47.961918
2668,CUSTOMER 2668,Brumadinho,-20.1462,-44.1642
2671,CUSTOMER 2671,Brusque,-27.13096,-48.953848
2674,CUSTOMER 2674,Brusque,-27.159787,-48.957249
2677,CUSTOMER 2677,Cachoeira Do Sul,-30.049158,-52.943769
2680,CUSTOMER 2680,Cachoeira Do Sul,-30.033781,-52.95661500000001
2683,CUSTOMER 2683,Cachoeira Do Sul,-30.067012,-52.966039
2686,CUSTOMER 2686,Cachoeiro De Itapemirim,-20.875703,-41.193556
2689,CUSTOMER 2689,Cajamar,-23.438266,-46.870353
2692,CUSTOMER 2692,Camaçari,-12.7662,-38.3462
2695,CUSTOMER 2695,Camaçari,-12.7682,-38.3462
2698,CUSTOMER 2698,Cambé,-23.3092,-51.2822
2701,CUSTOMER 2701,Cambé,-23.33402,-51.28961
2704,CUSTOMER 2704,Campinas,-22.8892,-47.16220000000001
2707,CUSTOMER 2707,Campinas,-22.89631,-47.175504
2710,CUSTOMER 2710,Campinas,-22.8852,-47.0602
2713,CUSTOMER 2713,Campinas,-22.9052,-47.1728
2716,CUSTOMER 2716,Campinas,-22.8712,-47.0702
2719,CUSTOMER 2719,Campinas,-22.956059,-47.155219
2722,CUSTOMER 2722,Campinas,-22.960551,-47.062384
2725,CUSTOMER 2725,Campinas,-22.928111,-47.09945500000001
2728,CUSTOMER 2728,Campinas,-22.94977,-47.10016400000001
2731,CUSTOMER 2731,Campinas,-22.98973,-47.12692000000001
2734,CUSTOMER 2734,Campinas,-22.952049,-47.10297300000001
2737,CUSTOMER 2737,Campinas,-23.002678,-47.179844
2740,CUSTOMER 2740,Campinas,-22.986398,-47.22536400000001
2743,CUSTOMER 2743,Campinas,-22.889252,-47.190049
2746,CUSTOMER 2746,Campinas,-22.897937,-47.188105
2749,CUSTOMER 2749,Campinas,-22.864422,-47.13002400000001
2752,CUSTOMER 2752,Campinas,-22.986398,-47.22536400000001
2755,CUSTOMER 2755,Campo Belo,-20.919046,-45.29915800000001
2758,CUSTOMER 2758,Campo Belo,-20.933762,-45.304968
2761,CUSTOMER 2761,Campo Largo,-25.4756,-49.5547
2764,CUSTOMER 2764,Campo Largo,-25.497091,-49.56418600000001
2767,CUSTOMER 2767,Campo Magro,-25.4102,-49.43920000000001
2770,CUSTOMER 2770,Campo Mourão,-24.062156,-52.435349
2773,CUSTOMER 2773,Campos Gerais,-21.262436,-45.800764
2776,CUSTOMER 2776,Campos Novos,-27.430268,-51.23050300000001
2779,CUSTOMER 2779,Candelaria,-29.701501,-52.827516
2782,CUSTOMER 2782,Capivari,-23.040769,-47.554816
2785,CUSTOMER 2785,Cascavel,-25.02404,-53.5437
2788,CUSTOMER 2788,Cascavel,-25.016,-53.53624000000001
2791,CUSTOMER 2791,Catu,-12.389321,-38.412173
2794,CUSTOMER 2794,Catu,-12.394593,-38.416589
2797,CUSTOMER 2797,Colombo,-25.397254,-49.2241
2800,CUSTOMER 2800,Colorado,-22.875184,-51.997312
2803,CUSTOMER 2803,Conceição Do Pará,-19.756259,-44.89775
2806,CUSTOMER 2806,Conselheiro Lafaiete,-20.707138,-43.833989
2809,CUSTOMER 2809,Contagem,-19.97507,-44.079073
2812,CUSTOMER 2812,Contagem,-19.978536,-44.109816
2815,CUSTOMER 2815,Contagem,-19.9908,-44.089522
2818,CUSTOMER 2818,Contagem,-20.001617,-44.108381
2821,CUSTOMER 2821,Contagem,-19.998332,-44.051183
2824,CUSTOMER 2824,Contagem,-19.998841,-44.101576
2827,CUSTOMER 2827,Contagem,-19.9551,-44.115
2830,CUSTOMER 2830,Cordeirópolis,-22.519585,-47.499782
2833,CUSTOMER 2833,Corupá,-26.4612,-49.2772
2836,CUSTOMER 2836,Cotia,-23.63462,-46.91862
2839,CUSTOMER 2839,Cravinhos,-21.3712,-47.7592
2842,CUSTOMER 2842,Cravinhos,-21.32115,-47.78196000000001
2845,CUSTOMER 2845,Cravinhos,-21.3242,-47.7822
2848,CUSTOMER 2848,Cravinhos,-21.3712,-47.7712
2851,CUSTOMER 2851,Cravinhos,-21.3832,-47.7602
2854,CUSTOMER 2854,Cravinhos,-21.371478,-47.75993200000001
2857,CUSTOMER 2857,Criciúma,-28.729496,-49.373679
2860,CUSTOMER 2860,Criciúma,-28.709764,-49.398363
2863,CUSTOMER 2863,Criciúma,-28.710764,-49.422422
2866,CUSTOMER 2866,Criciúma,-28.727758,-49.431882
2869,CUSTOMER 2869,Criciúma,-28.730228,-49.403725
2872,CUSTOMER 2872,Criciúma,-28.71423,-49.454176
2875,CUSTOMER 2875,Curitiba,-25.5622,-49.35120000000001
2878,CUSTOMER 2878,Curitiba,-25.5292,-49.3522
2881,CUSTOMER 2881,Curitiba,-25.4812,-49.31120000000001
2884,CUSTOMER 2884,Curitiba,-25.5792,-49.3642
2887,CUSTOMER 2887,Curitiba,-25.588246,-49.346135
2890,CUSTOMER 2890,Curitiba,-25.544588,-49.3282
2893,CUSTOMER 2893,Curitiba,-25.498299,-49.334858
2896,CUSTOMER 2896,Curitiba,-25.474072,-49.30779200000001
2899,CUSTOMER 2899,Curitiba,-25.478253,-49.30861700000001
2902,CUSTOMER 2902,Curitiba,-25.470031,-49.315561
2905,CUSTOMER 2905,Curitiba,-25.479734,-49.326075
2908,CUSTOMER 2908,Curitiba,-25.489223,-49.27463700000001
2911,CUSTOMER 2911,Curitiba,-25.478431,-49.297007
2914,CUSTOMER 2914,Curitiba,-25.545088,-49.36338600000001
2917,CUSTOMER 2917,Curitiba,-25.466668,-49.29967300000001
2920,CUSTOMER 2920,Curitiba,-25.450731,-49.31417
2923,CUSTOMER 2923,Curitiba,-25.456203,-49.325747
2926,CUSTOMER 2926,Curitiba,-25.469408,-49.32748100000001
2929,CUSTOMER 2929,Curitiba,-25.4769,-49.3331
2932,CUSTOMER 2932,Curitiba,-25.470899,-49.280638
2935,CUSTOMER 2935,Curitiba,-25.43946,-49.306017
2938,CUSTOMER 2938,Curitiba,-25.533639,-49.25996000000001
2941,CUSTOMER 2941,Curitiba,-25.58238,-49.359866
2944,CUSTOMER 2944,Curitiba,-25.528464,-49.35226100000001
2947,CUSTOMER 2947,Curitiba,-25.569404,-49.34404000000001
2950,CUSTOMER 2950,Curitiba,-25.563002,-49.34978400000001
2953,CUSTOMER 2953,Curitiba,-25.582426,-49.36586
2956,CUSTOMER 2956,Descalvado,-21.95734,-47.65844000000001
2959,CUSTOMER 2959,Diadema,-23.7252,-46.6172
2962,CUSTOMER 2962,Diadema,-23.70819,-46.62588
2965,CUSTOMER 2965,Diadema,-23.7292,-46.6522
2968,CUSTOMER 2968,Diadema,-23.742004,-46.644499
2971,CUSTOMER 2971,Diadema,-23.735882,-46.65238
2974,CUSTOMER 2974,Diadema,-23.727572,-46.623182
2977,CUSTOMER 2977,Diadema,-23.742325,-46.636493
2980,CUSTOMER 2980,Diadema,-23.717062,-46.663977
2983,CUSTOMER 2983,Diamantina,-18.277853,-43.635244
2986,CUSTOMER 2986,Diamantina,-18.274645,-43.633369
2989,CUSTOMER 2989,Dias D'Ávila,-12.650542,-38.3506
2992,CUSTOMER 2992,Dias D'Ávila,-23.514452,-47.036044
2995,CUSTOMER 2995,Domingos Martins,-20.4002,-40.6932
2998,CUSTOMER 2998,Duque De Caxias,-22.82229,-43.343658
3001,CUSTOMER 3001,Duque De Caxias,-22.827346,-43.354544
3004,CUSTOMER 3004,Embu Das Artes,-23.6552,-46.8842
3007,CUSTOMER 3007,Extrema,-22.87568,-46.36393
3010,CUSTOMER 3010,Extrema,-22.882465,-46.35593900000001
3013,CUSTOMER 3013,Extrema,-22.89369,-46.361904
3016,CUSTOMER 3016,Extrema,-22.909212,-46.384931
3019,CUSTOMER 3019,Faxinal Do Soturno,-29.608817,-53.47903700000001
3022,CUSTOMER 3022,Feira De Santana,-12.2906,-38.98722
3025,CUSTOMER 3025,Feira De Santana,-12.285,-38.99051100000001
3028,CUSTOMER 3028,Ferraz De Vasconcelos,-23.5812,-46.41820000000001
3031,CUSTOMER 3031,Florianópolis,-27.62449,-48.58626
3034,CUSTOMER 3034,Florianópolis,-27.650528,-48.624399
3037,CUSTOMER 3037,Florianópolis,-27.617614,-48.57578400000001
3040,CUSTOMER 3040,Florianópolis,-27.624808,-48.62245100000001
3043,CUSTOMER 3043,Franca,-20.577076,-47.42837400000001
3046,CUSTOMER 3046,Franca,-20.576353,-47.45913
3049,CUSTOMER 3049,Frutal,-20.04775,-48.95127
3052,CUSTOMER 3052,Goiania,-16.7118,-49.31701
3055,CUSTOMER 3055,Goiânia,-16.71847,-49.325146
3058,CUSTOMER 3058,Goiânia,-16.7392,-49.30520000000001
3061,CUSTOMER 3061,Goiânia,-16.6982,-49.3132
3064,CUSTOMER 3064,Goiânia,-16.7112,-49.3062
3067,CUSTOMER 3067,Goiânia,-16.708229,-49.281063
3070,CUSTOMER 3070,Goiânia,-16.757601,-49.336302
3073,CUSTOMER 3073,Goiânia,-16.70681,-49.344631
3076,CUSTOMER 3076,Goiânia,-16.725012,-49.289846
3079,CUSTOMER 3079,Goiânia,-16.711398,-49.30857200000001
3082,CUSTOMER 3082,Goiânia,-16.702199,-49.293979
3085,CUSTOMER 3085,Goiânia,-16.714212,-49.319881
3088,CUSTOMER 3088,Goiânia,-16.666573,-49.23938
3091,CUSTOMER 3091,Goiás,-15.968067,-50.17678900000001
3094,CUSTOMER 3094,Governador Valadares,-18.8882,-41.9862
3097,CUSTOMER 3097,Guaíra,-20.307314,-48.220748
3100,CUSTOMER 3100,Guará,-20.4832,-47.87220000000001
3103,CUSTOMER 3103,Guará,-20.4832,-47.87220000000001
3106,CUSTOMER 3106,Guará,-20.484733,-47.872097
3109,CUSTOMER 3109,Guarapuava,-25.383758,-51.509501
3112,CUSTOMER 3112,Guariba,-21.387285,-48.26646
3115,CUSTOMER 3115,Guarulhos,-23.47468,-46.43035
3118,CUSTOMER 3118,Guarulhos,-23.4752,-46.47020000000001
3121,CUSTOMER 3121,Guarulhos,-23.50164,-46.54287
3124,CUSTOMER 3124,Guarulhos,-23.5032,-46.5212
3127,CUSTOMER 3127,Guarulhos,-23.4936,-46.4296
3130,CUSTOMER 3130,Guarulhos,-23.5262,-46.58620000000001
3133,CUSTOMER 3133,Guarulhos,-23.475535,-46.44493000000001
3136,CUSTOMER 3136,Guarulhos,-23.471176,-46.430584
3139,CUSTOMER 3139,Hortolândia,-22.9302,-47.2342
3142,CUSTOMER 3142,Içara,-28.7822,-49.3104
3145,CUSTOMER 3145,Içara,-28.768955,-49.30610100000001
3148,CUSTOMER 3148,Içara,-28.747313,-49.353709
3151,CUSTOMER 3151,Indaiatuba,-23.1692,-47.2572
3154,CUSTOMER 3154,Indaiatuba,-23.17684,-47.29242
3157,CUSTOMER 3157,Indaiatuba,-23.17468,-47.26171
3160,CUSTOMER 3160,Indaiatuba,-23.1642,-47.2642
3163,CUSTOMER 3163,Indaiatuba,-23.1597,-47.2547
3166,CUSTOMER 3166,Indaiatuba,-23.127492,-47.247275
3169,CUSTOMER 3169,Indaiatuba,-23.158807,-47.256506
3172,CUSTOMER 3172,Indaiatuba,-23.159907,-47.254828
3175,CUSTOMER 3175,Itabirito,-20.2762,-43.90320000000001
3178,CUSTOMER 3178,Itabirito,-20.2762,-43.90320000000001
3181,CUSTOMER 3181,Itaiópolis,-26.363174,-49.944271
3184,CUSTOMER 3184,Itajaí,-26.943377,-48.69758400000001
3187,CUSTOMER 3187,Itapecerica Da Serra,-23.7252,-46.85120000000001
3190,CUSTOMER 3190,Itapetininga,-23.626342,-48.056014
3193,CUSTOMER 3193,Itapetininga,-23.626448,-48.115562
3196,CUSTOMER 3196,Itapira,-22.43239,-46.79293000000001
3199,CUSTOMER 3199,Itapira,-22.5062,-46.7492
3202,CUSTOMER 3202,Itapira,-22.5062,-46.7492
3205,CUSTOMER 3205,Itapira,-22.502501,-46.75444400000001
3208,CUSTOMER 3208,Itaquaquecetuba,-23.4922,-46.3592
3211,CUSTOMER 3211,Itatiaia,-22.5142,-44.5822
3214,CUSTOMER 3214,Itatiaia,-22.5142,-44.5822
3217,CUSTOMER 3217,Itatiaia,-22.9862,-43.6112
3220,CUSTOMER 3220,Itatiaia,-22.515364,-44.570585
3223,CUSTOMER 3223,Itatiba,-23.093079,-46.878227
3226,CUSTOMER 3226,Itatiba,-23.10155,-46.87753
3229,CUSTOMER 3229,Itatiba,-23.0152,-46.86920000000001
3232,CUSTOMER 3232,Itatiba,-23.06869,-46.76483
3235,CUSTOMER 3235,Itatiba,-23.010214,-46.863773
3238,CUSTOMER 3238,Itaúna,-20.089299,-44.60564100000001
3241,CUSTOMER 3241,Itaúna,-20.100371,-44.601119
3244,CUSTOMER 3244,Itaúna,-20.087374,-44.646463
3247,CUSTOMER 3247,Itaúna,-20.087226,-44.60612500000001
3250,CUSTOMER 3250,Itu,-23.405633,-47.359887
3253,CUSTOMER 3253,Itu,-23.30812,-47.31405
3256,CUSTOMER 3256,Itu,-23.405432,-47.359731
3259,CUSTOMER 3259,Itu,-23.3102,-47.3622
3262,CUSTOMER 3262,Itu,-23.28802,-47.3809
3265,CUSTOMER 3265,Itu,-23.3102,-47.3162
3268,CUSTOMER 3268,Itu,-23.291311,-47.34797200000001
3271,CUSTOMER 3271,Itu,-23.310234,-47.363243
3274,CUSTOMER 3274,Itu,-23.311214,-47.316202
3277,CUSTOMER 3277,Itumbiara,-18.3882,-49.2552
3280,CUSTOMER 3280,Ituverava,-20.3572,-47.8182
3283,CUSTOMER 3283,Ivaiporã,-24.27836,-51.7087
3286,CUSTOMER 3286,Ivaiporã,-24.26986,-51.70218000000001
3289,CUSTOMER 3289,Jaboticabal,-21.313495,-48.350751
3292,CUSTOMER 3292,Jaboticabal,-21.2912,-48.3812
3295,CUSTOMER 3295,Jaboticabal,-21.275517,-48.385095
3298,CUSTOMER 3298,Jaboticabal,-21.280544,-48.35273100000001
3301,CUSTOMER 3301,Jaboticabal,-21.290547,-48.381163
3304,CUSTOMER 3304,Jacobina,-11.115124,-40.76153900000001
3307,CUSTOMER 3307,Jaguariúna,-22.71763,-47.03997
3310,CUSTOMER 3310,Jaguariúna,-22.7602,-47.04920000000001
3313,CUSTOMER 3313,Jaguariúna,-22.739354,-47.031145
3316,CUSTOMER 3316,Jardinópolis,-21.0532,-47.79920000000001
3319,CUSTOMER 3319,Jataí,-17.9162,-51.7302
3322,CUSTOMER 3322,João Monlevade,-19.858255,-43.19640500000001
3325,CUSTOMER 3325,Joinville,-26.2976,-48.9078
3328,CUSTOMER 3328,Joinville,-26.2875,-48.9086
3331,CUSTOMER 3331,Joinville,-26.2988,-48.90300000000001
3334,CUSTOMER 3334,Joinville,-26.3092,-48.9022
3337,CUSTOMER 3337,Joinville,-26.294859,-48.90855000000001
3340,CUSTOMER 3340,Joinville,-26.299016,-48.905602
3343,CUSTOMER 3343,Joinville,-26.37365,-48.87695
3346,CUSTOMER 3346,Joinville,-26.2602,-48.9382
3349,CUSTOMER 3349,Joinville,-26.2932,-48.90320000000001
3352,CUSTOMER 3352,Joinville,-26.2932,-48.90320000000001
3355,CUSTOMER 3355,Joinville,-26.2922,-48.8842
3358,CUSTOMER 3358,Joinville,-26.3402,-48.8732
3361,CUSTOMER 3361,Joinville,-26.2992,-48.9072
3364,CUSTOMER 3364,Joinville,-26.2752,-48.8702
3367,CUSTOMER 3367,Joinville,-26.35088,-48.89974
3370,CUSTOMER 3370,Joinville,-26.2992,-48.9052
3373,CUSTOMER 3373,Joinville,-26.334274,-48.885834
3376,CUSTOMER 3376,Joinville,-26.324038,-48.887605
3379,CUSTOMER 3379,Joinville,-26.241271,-48.940815
3382,CUSTOMER 3382,Joinville,-26.286596,-48.90800100000001
3385,CUSTOMER 3385,Joinville,-26.294999,-48.908553
3388,CUSTOMER 3388,Joinville,-26.298309,-48.905661
3391,CUSTOMER 3391,Joinville,-26.351419,-48.899734
3394,CUSTOMER 3394,Joinville,-26.274331,-48.872061
3397,CUSTOMER 3397,Joinville,-26.324629,-48.888029
3400,CUSTOMER 3400,Joinville,-26.27965,-48.85352
3403,CUSTOMER 3403,Juatuba,-19.9862,-44.3732
3406,CUSTOMER 3406,Jundiaí,-23.225813,-47.017692
3409,CUSTOMER 3409,Lauro De Freitas,-12.91837,-38.352913
3412,CUSTOMER 3412,Lauro De Freitas,-12.8702,-38.36620000000001
3415,CUSTOMER 3415,Lauro De Freitas,-12.91723,-38.34970000000001
3418,CUSTOMER 3418,Lauro Muller,-28.413741,-49.477251
3421,CUSTOMER 3421,Leme,-22.249551,-47.42864
3424,CUSTOMER 3424,Leme,-22.249551,-47.42864
3427,CUSTOMER 3427,Leme,-22.225128,-47.427391
3430,CUSTOMER 3430,Leme,-22.218954,-47.416784
3433,CUSTOMER 3433,Limeira,-22.59052,-47.41601
3436,CUSTOMER 3436,Limeira,-22.6055,-47.4012
3439,CUSTOMER 3439,Limeira,-22.59248,-47.40634
3442,CUSTOMER 3442,Limeira,-22.5932,-47.40620000000001
3445,CUSTOMER 3445,Limeira,-22.59486,-47.425526
3448,CUSTOMER 3448,Limeira,-22.583861,-47.412461
3451,CUSTOMER 3451,Limeira,-22.6072,-47.40020000000001
3454,CUSTOMER 3454,Limeira,-22.7448,-47.3598
3457,CUSTOMER 3457,Limeira,-22.582541,-47.37889800000001
3460,CUSTOMER 3460,Limeira,-22.5742,-47.4162
3463,CUSTOMER 3463,Limeira,-22.5912,-47.4102
3466,CUSTOMER 3466,Limeira,-22.6072,-47.40020000000001
3469,CUSTOMER 3469,Limeira,-22.715351,-47.336266
3472,CUSTOMER 3472,Limeira,-22.5842,-47.41220000000001
3475,CUSTOMER 3475,Limeira,-22.6345,-47.39870000000001
3478,CUSTOMER 3478,Limeira,-22.593972,-47.442184
3481,CUSTOMER 3481,Limeira,-22.587925,-47.41324100000001
3484,CUSTOMER 3484,Limeira,-22.605536,-47.399932
3487,CUSTOMER 3487,Limeira,-22.616196,-47.40114800000001
3490,CUSTOMER 3490,Limeira,-22.605536,-47.399932
3493,CUSTOMER 3493,Limeira,-22.634535,-47.39872200000001
3496,CUSTOMER 3496,Lindóia,-22.550753,-46.676315
3499,CUSTOMER 3499,Linhares,-19.543009,-40.173197
3502,CUSTOMER 3502,Linhares,-19.4121,-40.1082
3505,CUSTOMER 3505,Londrina,-23.3162,-51.1452
3508,CUSTOMER 3508,Londrina,-23.3262,-51.2522
3511,CUSTOMER 3511,Londrina,-23.366073,-51.19118
3514,CUSTOMER 3514,Londrina,-23.37634,-51.19946700000001
3517,CUSTOMER 3517,Londrina,-23.2944,-51.18961
3520,CUSTOMER 3520,Londrina,-23.39845,-51.17959
3523,CUSTOMER 3523,Londrina,-23.333703,-51.19812
3526,CUSTOMER 3526,Londrina,-23.33163,-51.25816
3529,CUSTOMER 3529,Londrina,-23.33163,-51.25816
3532,CUSTOMER 3532,Luziânia,-16.602079,-48.200681
3535,CUSTOMER 3535,Luziânia,-16.5972,-48.2012
3538,CUSTOMER 3538,Macaé,-22.3402,-41.9172
3541,CUSTOMER 3541,Machado,-21.715147,-45.954897
3544,CUSTOMER 3544,Mairinque,-23.5762,-47.2132
3547,CUSTOMER 3547,Marialva,-23.4962,-51.8732
3550,CUSTOMER 3550,Marialva,-23.495892,-51.873652
3553,CUSTOMER 3553,Mariana,-20.3862,-43.40320000000001
3556,CUSTOMER 3556,Maringa,-23.487444,-51.95955600000001
3559,CUSTOMER 3559,Maringá,-23.4642,-52.0112
3562,CUSTOMER 3562,Maringá,-23.509455,-51.963942
3565,CUSTOMER 3565,Maringá,-23.455,-52.0226
3568,CUSTOMER 3568,Maringá,-23.4955,-52.0332
3571,CUSTOMER 3571,Maringá,-23.4672,-52.0132
3574,CUSTOMER 3574,Maringá,-23.4672,-52.0132
3577,CUSTOMER 3577,Maringá,-23.459507,-51.978751
3580,CUSTOMER 3580,Maringá,-23.451149,-51.976799
3583,CUSTOMER 3583,Maringá,-23.461037,-51.95364600000001
3586,CUSTOMER 3586,Maringá,-23.458654,-51.987341
3589,CUSTOMER 3589,Maringá,-23.461335,-51.98515200000001
3592,CUSTOMER 3592,Maringá,-23.463492,-52.011488
3595,CUSTOMER 3595,Maringá,-23.4955,-52.0332
3598,CUSTOMER 3598,Maringá,-23.479202,-51.934684
3601,CUSTOMER 3601,Mata De São João,-12.547861,-38.29095
3604,CUSTOMER 3604,Matão,-21.630261,-48.418832
3607,CUSTOMER 3607,Mauá,-23.68659,-46.51638000000001
3610,CUSTOMER 3610,Mesquita,-22.820574,-43.445137
3613,CUSTOMER 3613,Miguel Pereira,-22.485715,-43.496197
3616,CUSTOMER 3616,Monte Alto,-21.29704,-48.50095
3619,CUSTOMER 3619,Monte Mor,-23.0019,-47.35290000000001
3622,CUSTOMER 3622,Monte Mor,-23.0002,-47.3522
3625,CUSTOMER 3625,Monte Mor,-23.000149,-47.352671
3628,CUSTOMER 3628,Montenegro,-29.729477,-51.51529900000001
3631,CUSTOMER 3631,Montes Claros,-16.714969,-43.91421500000001
3634,CUSTOMER 3634,Navegantes,-26.923074,-48.690908
3637,CUSTOMER 3637,Nova Friburgo,-22.29363,-42.573916
3640,CUSTOMER 3640,Nova Friburgo,-22.317499,-42.565651
3643,CUSTOMER 3643,Nova Friburgo,-22.317499,-42.565651
3646,CUSTOMER 3646,Nova Iguaçu,-22.766181,-43.497199
3649,CUSTOMER 3649,Nova Iguaçu,-22.774235,-43.49181400000001
3652,CUSTOMER 3652,Nova Lima,-20.13153,-43.8611
3655,CUSTOMER 3655,Nova Lima,-19.9962,-43.9402
3658,CUSTOMER 3658,Nova Lima,-19.9962,-43.9402
3661,CUSTOMER 3661,Nova Lima,-19.9962,-43.9402
3664,CUSTOMER 3664,Nova Lima,-20.0032,-43.9522
3667,CUSTOMER 3667,Nova Lima,-19.996321,-43.939889
3670,CUSTOMER 3670,Nova Odessa,-22.8062,-47.3532
3673,CUSTOMER 3673,Nova Odessa,-22.803901,-47.352111
3676,CUSTOMER 3676,Nova Serrana,-19.9164,-45.0138
3679,CUSTOMER 3679,Nova Veneza,-28.692516,-49.499349
3682,CUSTOMER 3682,Nova Veneza,-28.692516,-49.499349
3685,CUSTOMER 3685,Novo Hamburgo,-29.696876,-51.173119
3688,CUSTOMER 3688,Novo Hamburgo,-29.7412,-51.1692
3691,CUSTOMER 3691,Novo Hamburgo,-29.7332,-51.1262
3694,CUSTOMER 3694,Novo Hamburgo,-29.7422,-51.1782
3697,CUSTOMER 3697,Novo Hamburgo,-29.72387,-51.142951
3700,CUSTOMER 3700,Novo Hamburgo,-29.710136,-51.16706900000001
3703,CUSTOMER 3703,Novo Hamburgo,-29.724772,-51.168737
3706,CUSTOMER 3706,Novo Hamburgo,-29.747069,-51.177057
3709,CUSTOMER 3709,Novo Hamburgo,-29.739614,-51.168965
3712,CUSTOMER 3712,Novo Hamburgo,-29.733035,-51.12811600000001
3715,CUSTOMER 3715,Novo Hamburgo,-29.723505,-51.141158
3718,CUSTOMER 3718,Orlândia,-20.74703,-47.93127
3721,CUSTOMER 3721,Orlândia,-20.7592,-47.91820000000001
3724,CUSTOMER 3724,Orlândia,-20.758941,-47.926053
3727,CUSTOMER 3727,Ortigueira,-24.278157,-50.790008
3730,CUSTOMER 3730,Ortigueira,-24.2792,-50.78720000000001
3733,CUSTOMER 3733,Osasco,-23.530981,-46.79746100000001
3736,CUSTOMER 3736,Osasco,-23.56769,-46.81207800000001
3739,CUSTOMER 3739,Osório,-29.921261,-50.300328
3742,CUSTOMER 3742,Ouro Fino,-22.32167,-46.384537
3745,CUSTOMER 3745,Ouro Fino,-22.308858,-46.454874
3748,CUSTOMER 3748,Ouro Preto,-20.454435,-43.918474
3751,CUSTOMER 3751,Ouro Preto,-20.454864,-43.586479
3754,CUSTOMER 3754,Ouro Preto,-20.454857,-43.58648100000001
3757,CUSTOMER 3757,Pará De Minas,-19.900357,-44.640556
3760,CUSTOMER 3760,Paracambi,-22.66045,-43.74523000000001
3763,CUSTOMER 3763,Paraíba Do Sul,-22.181845,-43.321949
3766,CUSTOMER 3766,Paranavaí,-23.1092,-52.50020000000001
3769,CUSTOMER 3769,Paranavaí,-23.10488,-52.493
3772,CUSTOMER 3772,Paranavaí,-23.105,-52.493
3775,CUSTOMER 3775,Passos,-20.764847,-46.63991100000001
3778,CUSTOMER 3778,Passos,-20.748707,-46.647808
3781,CUSTOMER 3781,Patrocínio,-18.983878,-47.022288
3784,CUSTOMER 3784,Paulínia,-22.7852,-47.18620000000001
3787,CUSTOMER 3787,Paulínia,-22.7852,-47.18620000000001
3790,CUSTOMER 3790,Paulínia,-22.7852,-47.18620000000001
3793,CUSTOMER 3793,Paulínia,-22.75094,-47.16992
3796,CUSTOMER 3796,Paulínia,-22.79025,-47.18089800000001
3799,CUSTOMER 3799,Paulínia,-22.77061,-47.18126
3802,CUSTOMER 3802,Paulínia,-22.7801,-47.1758
3805,CUSTOMER 3805,Paulínia,-22.7637,-47.16204
3808,CUSTOMER 3808,Paulínia,-22.7652,-47.1842
3811,CUSTOMER 3811,Paulínia,-22.75644,-47.17285
3814,CUSTOMER 3814,Paulínia,-22.7652,-47.1842
3817,CUSTOMER 3817,Paulínia,-22.76953,-47.1671
3820,CUSTOMER 3820,Paulínia,-22.7807,-47.1707
3823,CUSTOMER 3823,Paulínia,-22.78619,-47.14473
3826,CUSTOMER 3826,Paulínia,-22.802177,-47.18009900000001
3829,CUSTOMER 3829,Paulínia,-22.771017,-47.15469700000001
3832,CUSTOMER 3832,Pedro Leopoldo,-19.655192,-44.075723
3835,CUSTOMER 3835,Pelotas,-31.792668,-52.376023
3838,CUSTOMER 3838,Pelotas,-31.810266,-52.380397
3841,CUSTOMER 3841,Petrópolis,-22.485438,-43.175412
3844,CUSTOMER 3844,Petrópolis,-22.547448,-43.244739
3847,CUSTOMER 3847,Petrópolis,-22.553112,-43.22455100000001
3850,CUSTOMER 3850,Piracicaba,-22.756634,-47.63009700000001
3853,CUSTOMER 3853,Piracicaba,-22.756634,-47.63009700000001
3856,CUSTOMER 3856,Piracicaba,-22.708034,-47.72620000000001
3859,CUSTOMER 3859,Piracicaba,-22.74286,-47.68854
3862,CUSTOMER 3862,Piracicaba,-22.7177,-47.6398
3865,CUSTOMER 3865,Piracicaba,-22.7072,-47.6382
3868,CUSTOMER 3868,Piracicaba,-22.710028,-47.644679
3871,CUSTOMER 3871,Piracicaba,-22.756634,-47.63009700000001
3874,CUSTOMER 3874,Piracicaba,-22.706028,-47.65676300000001
3877,CUSTOMER 3877,Piracicaba,-22.7177,-47.6398
3880,CUSTOMER 3880,Piracicaba,-22.706208,-47.647032
3883,CUSTOMER 3883,Piracicaba,-22.829428,-47.660757
3886,CUSTOMER 3886,Piracicaba,-22.796596,-47.64681
3889,CUSTOMER 3889,Piracicaba,-22.76438,-47.63177
3892,CUSTOMER 3892,Piracicaba,-22.709805,-47.644686
3895,CUSTOMER 3895,Piracicaba,-22.7892,-47.6822
3898,CUSTOMER 3898,Piracicaba,-22.795369,-47.61811700000001
3901,CUSTOMER 3901,Piracicaba,-22.664727,-47.63755200000001
3904,CUSTOMER 3904,Piracicaba,-22.770402,-47.623487
3907,CUSTOMER 3907,Piracicaba,-22.707541,-47.662829
3910,CUSTOMER 3910,Piracicaba,-22.760418,-47.63581300000001
3913,CUSTOMER 3913,Piracicaba,-22.799352,-47.67989600000001
3916,CUSTOMER 3916,Piracicaba,-22.789003,-47.68255600000001
3919,CUSTOMER 3919,Piracicaba,-22.756667,-47.630095
3922,CUSTOMER 3922,Piracicaba,-22.706436,-47.65682
3925,CUSTOMER 3925,Piracicaba,-22.70124,-47.63922
3928,CUSTOMER 3928,Pitangui,-19.7262,-44.9312
3931,CUSTOMER 3931,Pomerode,-26.773278,-49.208807
3934,CUSTOMER 3934,Ponta Grossa,-25.0897,-50.21230000000001
3937,CUSTOMER 3937,Ponta Grossa,-25.0912,-50.2132
3940,CUSTOMER 3940,Ponta Grossa,-25.2247,-50.1167
3943,CUSTOMER 3943,Ponta Grossa,-25.2207,-50.1218
3946,CUSTOMER 3946,Ponta Grossa,-25.124624,-50.196873
3949,CUSTOMER 3949,Portão,-29.727971,-51.235882
3952,CUSTOMER 3952,Portão,-29.725508,-51.279616
3955,CUSTOMER 3955,Portão,-29.730324,-51.23582
3958,CUSTOMER 3958,Porto Alegre,-30.0732,-51.2432
3961,CUSTOMER 3961,Porto Alegre,-30.082843,-51.247458
3964,CUSTOMER 3964,Porto Alegre,-30.133127,-51.28632200000001
3967,CUSTOMER 3967,Porto Alegre,-30.145956,-51.14538
3970,CUSTOMER 3970,Porto Alegre,-30.078354,-51.18892200000001
3973,CUSTOMER 3973,Porto Alegre,-30.073833,-51.24161400000001
3976,CUSTOMER 3976,Porto Alegre,-30.064936,-51.255924
3979,CUSTOMER 3979,Porto Alegre,-30.027568,-51.166197
3982,CUSTOMER 3982,Porto Alegre,-30.06448,-51.25388
3985,CUSTOMER 3985,Porto Belo,-27.2097,-48.645513
3988,CUSTOMER 3988,Porto Feliz,-23.2582,-47.5562
3991,CUSTOMER 3991,Pouso Alegre,-22.3072,-45.95820000000001
3994,CUSTOMER 3994,Pouso Alegre,-22.3002,-45.9632
3997,CUSTOMER 3997,Pouso Alegre,-22.3002,-45.9632
4000,CUSTOMER 4000,Pouso Alegre,-22.261427,-45.96487800000001
4003,CUSTOMER 4003,Pouso Alegre,-22.255044,-45.96036100000001
4006,CUSTOMER 4006,Pouso Alegre,-22.306897,-45.958345
4009,CUSTOMER 4009,Prado Ferreira,-23.095512,-51.488629
4012,CUSTOMER 4012,Rancho Queimado,-27.714156,-49.041518
4015,CUSTOMER 4015,Resende,-22.5042,-44.5072
4018,CUSTOMER 4018,Ribeirão Pires,-23.776349,-46.479289
4021,CUSTOMER 4021,Ribeirão Pires,-23.7382,-46.42420000000001
4024,CUSTOMER 4024,Ribeirão Pires,-23.737,-46.4237
4027,CUSTOMER 4027,Ribeirão Preto,-21.200985,-47.83768000000001
4030,CUSTOMER 4030,Ribeirão Preto,-21.182109,-47.86403900000001
4033,CUSTOMER 4033,Ribeirão Preto,-21.210032,-47.86620000000001
4036,CUSTOMER 4036,Ribeirão Preto,-21.2142,-47.8742
4039,CUSTOMER 4039,Ribeirão Preto,-21.135476,-47.823657
4042,CUSTOMER 4042,Ribeirão Preto,-21.1802,-47.81420000000001
4045,CUSTOMER 4045,Ribeirão Preto,-21.14351,-47.81925
4048,CUSTOMER 4048,Ribeirão Preto,-21.182109,-47.86403900000001
4051,CUSTOMER 4051,Ribeirão Preto,-21.1319,-47.8334
4054,CUSTOMER 4054,Ribeirão Preto,-21.2432,-47.7772
4057,CUSTOMER 4057,Ribeirão Preto,-21.236217,-47.81506400000001
4060,CUSTOMER 4060,Ribeirão Preto,-21.260837,-47.851466
4063,CUSTOMER 4063,Ribeirão Preto,-21.19957,-47.88911400000001
4066,CUSTOMER 4066,Ribeirão Preto,-21.19957,-47.88911400000001
4069,CUSTOMER 4069,Ribeirão Preto,-21.19957,-47.88911400000001
4072,CUSTOMER 4072,Ribeirão Preto,-21.132067,-47.833384
4075,CUSTOMER 4075,Ribeirão Preto,-21.249743,-47.79342500000001
4078,CUSTOMER 4078,Ribeirão Preto,-21.135697,-47.824881
4081,CUSTOMER 4081,Ribeirão Preto,-21.190871,-47.80110000000001
4084,CUSTOMER 4084,Rio Claro,-22.4113,-47.58470000000001
4087,CUSTOMER 4087,Rio Claro,-22.4382,-47.6332
4090,CUSTOMER 4090,Rio Claro,-22.3982,-47.5882
4093,CUSTOMER 4093,Rio Claro,-22.450587,-47.591959
4096,CUSTOMER 4096,Rio Das Pedras,-22.87835,-47.62945000000001
4099,CUSTOMER 4099,Rio Das Pedras,-22.87835,-47.62945000000001
4102,CUSTOMER 4102,Rio Das Pedras,-22.82527,-47.66493000000001
4105,CUSTOMER 4105,Rio Das Pedras,-22.8792,-47.6322
4108,CUSTOMER 4108,Rio Das Pedras,-22.8792,-47.6322
4111,CUSTOMER 4111,Rio Das Pedras,-22.88156,-47.6292
4114,CUSTOMER 4114,Rio Das Pedras,-22.8792,-47.6322
4117,CUSTOMER 4117,Rio Das Pedras,-22.878268,-47.632338
4120,CUSTOMER 4120,Rio Das Pedras,-22.878268,-47.632338
4123,CUSTOMER 4123,Rio Das Pedras,-22.878268,-47.632338
4126,CUSTOMER 4126,Rio Das Pedras,-22.865323,-47.634953
4129,CUSTOMER 4129,Rio De Janeiro,-23.0122,-43.2672
4132,CUSTOMER 4132,Rio De Janeiro,-22.8592,-43.2032
4135,CUSTOMER 4135,Rio De Janeiro,-22.8622,-43.2042
4138,CUSTOMER 4138,Rio De Janeiro,-22.8402,-43.3702
4141,CUSTOMER 4141,Rio De Janeiro,-22.9892,-43.61020000000001
4144,CUSTOMER 4144,Rio De Janeiro,-22.9892,-43.61020000000001
4147,CUSTOMER 4147,Rio De Janeiro,-22.9022,-43.25020000000001
4150,CUSTOMER 4150,Rio De Janeiro,-22.4682,-44.3812
4153,CUSTOMER 4153,Rio De Janeiro,-22.876326,-43.274272
4156,CUSTOMER 4156,Rio De Janeiro,-22.86087,-43.38303000000001
4159,CUSTOMER 4159,Rio De Janeiro,-22.94347,-43.22492
4162,CUSTOMER 4162,Rio De Janeiro,-23.030078,-43.44636800000001
4165,CUSTOMER 4165,Rio De Janeiro,-23.014668,-43.26543700000001
4168,CUSTOMER 4168,Rio De Janeiro,-23.014668,-43.26543700000001
4171,CUSTOMER 4171,Rio De Janeiro,-22.90076,-43.40922
4174,CUSTOMER 4174,Rio De Janeiro,-23.014668,-43.26543700000001
4177,CUSTOMER 4177,Rio De Janeiro,-23.03014,-43.40001
4180,CUSTOMER 4180,Rio De Janeiro,-23.03014,-43.40001
4183,CUSTOMER 4183,Rio De Janeiro,-22.991827,-43.429368
4186,CUSTOMER 4186,Rio De Janeiro,-22.97635,-43.42939000000001
4189,CUSTOMER 4189,Rio De Janeiro,-23.009188,-43.40219500000001
4192,CUSTOMER 4192,Rio De Janeiro,-22.949039,-43.39951600000001
4195,CUSTOMER 4195,Rio De Janeiro,-22.959139,-43.71414
4198,CUSTOMER 4198,Rio De Janeiro,-22.933483,-43.59622400000001
4201,CUSTOMER 4201,Rio De Janeiro,-22.948197,-43.72304
4204,CUSTOMER 4204,Rio De Janeiro,-22.89992,-43.40626
4207,CUSTOMER 4207,Rio De Janeiro,-22.93228,-43.57168
4210,CUSTOMER 4210,Rio De Janeiro,-22.94309,-43.59762000000001
4213,CUSTOMER 4213,Rio De Janeiro,-22.956075,-43.294417
4216,CUSTOMER 4216,Rio De Janeiro,-22.967118,-43.232769
4219,CUSTOMER 4219,Rio De Janeiro,-22.941581,-43.303471
4222,CUSTOMER 4222,Rio De Janeiro,-22.910148,-43.280624
4225,CUSTOMER 4225,Rio De Janeiro,-22.9492,-43.27220000000001
4228,CUSTOMER 4228,Rio De Janeiro,-22.990913,-43.22034900000001
4231,CUSTOMER 4231,Rio De Janeiro,-22.956043,-43.26792200000001
4234,CUSTOMER 4234,Rio De Janeiro,-22.957825,-43.278688
4237,CUSTOMER 4237,Rio De Janeiro,-22.986093,-43.228996
4240,CUSTOMER 4240,Rio De Janeiro,-22.98835,-43.21224
4243,CUSTOMER 4243,Rio De Janeiro,-22.90721,-43.30801
4246,CUSTOMER 4246,Rio De Janeiro,-23.01287,-43.25844
4249,CUSTOMER 4249,Rio De Janeiro,-22.9467,-43.27844
4252,CUSTOMER 4252,Rio De Janeiro,-22.94875,-43.22265
4255,CUSTOMER 4255,Rio De Janeiro,-22.9492,-43.2482
4258,CUSTOMER 4258,Rio De Janeiro,-22.935187,-43.331681
4261,CUSTOMER 4261,Rio De Janeiro,-22.878788,-43.298162
4264,CUSTOMER 4264,Rio De Janeiro,-22.932504,-43.321395
4267,CUSTOMER 4267,Rio De Janeiro,-22.874147,-43.320179
4270,CUSTOMER 4270,Rio De Janeiro,-22.91086,-43.494526
4273,CUSTOMER 4273,Rio De Janeiro,-22.905561,-43.370029
4276,CUSTOMER 4276,Rio De Janeiro,-22.93617,-43.31352
4279,CUSTOMER 4279,Rio De Janeiro,-22.882178,-43.340622
4282,CUSTOMER 4282,Rio De Janeiro,-22.94521,-43.32596
4285,CUSTOMER 4285,Rio De Janeiro,-22.92707,-43.34482000000001
4288,CUSTOMER 4288,Rio De Janeiro,-22.8652,-43.36320000000001
4291,CUSTOMER 4291,Rio De Janeiro,-22.996854,-43.245729
4294,CUSTOMER 4294,Rio De Janeiro,-22.971895,-43.225673
4297,CUSTOMER 4297,Rio De Janeiro,-23.018675,-43.235603
4300,CUSTOMER 4300,Rio De Janeiro,-22.994891,-43.23773600000001
4303,CUSTOMER 4303,Rio De Janeiro,-22.968099,-43.220379
4306,CUSTOMER 4306,Rio De Janeiro,-22.929221,-43.278907
4309,CUSTOMER 4309,Rio De Janeiro,-22.972957,-43.218373
4312,CUSTOMER 4312,Rio De Janeiro,-22.973839,-43.22548500000001
4315,CUSTOMER 4315,Rio De Janeiro,-22.93027,-43.26097
4318,CUSTOMER 4318,Rio De Janeiro,-22.93532,-43.27568
4321,CUSTOMER 4321,Rio De Janeiro,-22.918777,-43.553448
4324,CUSTOMER 4324,Rio De Janeiro,-22.915846,-43.32522400000001
4327,CUSTOMER 4327,Rio De Janeiro,-22.912443,-43.277175
4330,CUSTOMER 4330,Rio De Janeiro,-22.90206,-43.47688
4333,CUSTOMER 4333,Rio Do Sul,-27.2181,-49.63
4336,CUSTOMER 4336,Rio Do Sul,-27.254198,-49.67906900000001
4339,CUSTOMER 4339,Rio Do Sul,-27.216228,-49.632364
4342,CUSTOMER 4342,Rio Grande,-32.0802,-52.1142
4345,CUSTOMER 4345,Rio Grande,-32.07471200000001,-52.136645
4348,CUSTOMER 4348,Rio Grande,-32.064686,-52.13806200000001
4351,CUSTOMER 4351,Rio Piracicaba,-19.9812,-43.2192
4354,CUSTOMER 4354,Rio Verde,-17.8452,-51.0422
4357,CUSTOMER 4357,Rio Verde,-17.8452,-51.0422
4360,CUSTOMER 4360,Rio Verde,-17.82885,-50.978258
4363,CUSTOMER 4363,Rio Verde,-17.83197,-50.96382000000001
4366,CUSTOMER 4366,Rosário Do Sul,-30.287287,-54.951819
4369,CUSTOMER 4369,Saltinho,-22.845763,-47.710352
4372,CUSTOMER 4372,Salto,-23.2632,-47.3372
4375,CUSTOMER 4375,Salvador,-12.916452,-38.478106
4378,CUSTOMER 4378,Salvador,-12.99248,-38.52877
4381,CUSTOMER 4381,Salvador,-13.008818,-38.537686
4384,CUSTOMER 4384,Salvador,-13.041232,-38.535357
4387,CUSTOMER 4387,Salvador,-13.0412,-38.536211
4390,CUSTOMER 4390,Salvador,-13.04252,-38.56798000000001
4393,CUSTOMER 4393,Salvador,-12.990638,-38.485795
4396,CUSTOMER 4396,Salvador,-13.021931,-38.51534400000001
4399,CUSTOMER 4399,Salvador,-12.99527,-38.51954000000001
4402,CUSTOMER 4402,Salvador,-12.899801,-38.472447
4405,CUSTOMER 4405,Salvador,-12.963273,-38.46524400000001
4408,CUSTOMER 4408,Salvador,-13.033,-38.54818
4411,CUSTOMER 4411,Santa Bárbara,-20.0711,-43.5221
4414,CUSTOMER 4414,Santa Cruz Do Sul,-29.773859,-52.46241300000001
4417,CUSTOMER 4417,Santa Cruz Do Sul,-29.755733,-52.46234800000001
4420,CUSTOMER 4420,Santa Helena De Goias,-17.82912,-50.96273
4423,CUSTOMER 4423,Santa Luzia,-19.821673,-43.89334
4426,CUSTOMER 4426,Santa Luzia,-19.8425,-43.92010000000001
4429,CUSTOMER 4429,Santa Luzia,-19.8682,-43.8822
4432,CUSTOMER 4432,Santa Luzia,-19.819912,-43.967952
4435,CUSTOMER 4435,Santa Luzia,-19.811962,-43.892586
4438,CUSTOMER 4438,Santa Luzia,-19.835387,-43.916325
4441,CUSTOMER 4441,Santa Maria,-29.727559,-53.842392
4444,CUSTOMER 4444,Santa Maria,-29.727559,-53.842392
4447,CUSTOMER 4447,Santa Maria,-29.707705,-53.84324700000001
4450,CUSTOMER 4450,Santa Maria,-29.746884,-53.75151
4453,CUSTOMER 4453,Santa Maria,-29.740486,-53.898706
4456,CUSTOMER 4456,Santa Maria,-29.722372,-53.82763300000001
4459,CUSTOMER 4459,Santa Maria,-29.73092,-53.826567
4462,CUSTOMER 4462,Santa Maria,-29.740269,-53.74435
4465,CUSTOMER 4465,Santa Maria,-29.726,-53.8363
4468,CUSTOMER 4468,Santa Maria,-29.72793,-53.87831000000001
4471,CUSTOMER 4471,Santa Maria De Itabira,-19.69029,-43.29167
4474,CUSTOMER 4474,Santa Maria De Itabira,-19.4822,-43.1522
4477,CUSTOMER 4477,Santa Maria De Itabira,-19.4822,-43.1522
4480,CUSTOMER 4480,Santiago,-29.232805,-54.9014
4483,CUSTOMER 4483,Santo Andre,-22.799784,-47.134601
4486,CUSTOMER 4486,Santo Andre,-22.79509,-47.14306000000001
4489,CUSTOMER 4489,Santo Andre,-22.798896,-47.136329
4492,CUSTOMER 4492,Santo Andre,-22.799812,-47.13458
4495,CUSTOMER 4495,Santo Andre,-23.7062,-46.5692
4498,CUSTOMER 4498,Santo André,-23.73343,-46.54358000000001
4501,CUSTOMER 4501,Santo André,-23.6982,-46.5382
4504,CUSTOMER 4504,Santo André,-23.7032,-46.54020000000001
4507,CUSTOMER 4507,Santo André,-23.70199,-46.53001
4510,CUSTOMER 4510,Santo André,-23.695572,-46.567337
4513,CUSTOMER 4513,Santo André,-23.708435,-46.54950700000001
4516,CUSTOMER 4516,Santo André,-23.706853,-46.569554
4519,CUSTOMER 4519,Santo André,-23.702722,-46.555332
4522,CUSTOMER 4522,Santo André,-23.703558,-46.561714
4525,CUSTOMER 4525,Santo André,-23.734722,-46.543848
4528,CUSTOMER 4528,Santo André,-23.70199,-46.53001
4531,CUSTOMER 4531,Santo André,-23.698236,-46.528019
4534,CUSTOMER 4534,Santo Antônio Da Patrulha,-29.850623,-50.551138
4537,CUSTOMER 4537,Santo Antônio Da Platina,-23.334825,-50.11691200000001
4540,CUSTOMER 4540,Santos Dumont,-21.4922,-43.5872
4543,CUSTOMER 4543,São Bento Do Sul,-26.257299,-49.421257
4546,CUSTOMER 4546,São Bernardo Do Campo,-23.6906,-46.63480000000001
4549,CUSTOMER 4549,São Bernardo Do Campo,-23.6982,-46.6212
4552,CUSTOMER 4552,São Bernardo Do Campo,-23.6982,-46.6212
4555,CUSTOMER 4555,São Bernardo Do Campo,-23.776497,-46.59345500000001
4558,CUSTOMER 4558,São Bernardo Do Campo,-23.6982,-46.6212
4561,CUSTOMER 4561,São Bernardo Do Campo,-23.6982,-46.6212
4564,CUSTOMER 4564,São Bernardo Do Campo,-23.6982,-46.6212
4567,CUSTOMER 4567,São Bernardo Do Campo,-23.6982,-46.6212
4570,CUSTOMER 4570,São Bernardo Do Campo,-23.6982,-46.6212
4573,CUSTOMER 4573,São Bernardo Do Campo,-23.7042,-46.58920000000001
4576,CUSTOMER 4576,São Bernardo Do Campo,-23.7042,-46.58920000000001
4579,CUSTOMER 4579,São Bernardo Do Campo,-23.7042,-46.58920000000001
4582,CUSTOMER 4582,São Bernardo Do Campo,-23.7002,-46.60420000000001
4585,CUSTOMER 4585,São Bernardo Do Campo,-23.7002,-46.60420000000001
4588,CUSTOMER 4588,São Bernardo Do Campo,-23.75101,-46.59097000000001
4591,CUSTOMER 4591,São Bernardo Do Campo,-23.768273,-46.61370100000001
4594,CUSTOMER 4594,São Bernardo Do Campo,-23.75058,-46.5893
4597,CUSTOMER 4597,São Bernardo Do Campo,-23.727671,-46.590296
4600,CUSTOMER 4600,São Bernardo Do Campo,-23.74939,-46.57966
4603,CUSTOMER 4603,São Bernardo Do Campo,-23.68974,-46.60833
4606,CUSTOMER 4606,São Bernardo Do Campo,-23.73297,-46.58266
4609,CUSTOMER 4609,São Bernardo Do Campo,-23.695227,-46.61390100000001
4612,CUSTOMER 4612,São Bernardo Do Campo,-23.695227,-46.61390100000001
4615,CUSTOMER 4615,São Bernardo Do Campo,-23.698669,-46.604481
4618,CUSTOMER 4618,São Bernardo Do Campo,-23.707719,-46.589669
4621,CUSTOMER 4621,São Bernardo Do Campo,-23.782138,-46.589593
4624,CUSTOMER 4624,São Caetano Do Sul,-23.65239,-46.60764200000001
4627,CUSTOMER 4627,São Carlos,-22.0767,-47.9099
4630,CUSTOMER 4630,São Carlos,-22.10939,-47.91317
4633,CUSTOMER 4633,São Carlos,-22.0332,-47.9492
4636,CUSTOMER 4636,São Carlos,-22.046129,-47.925221
4639,CUSTOMER 4639,São Carlos,-22.077678,-47.90901
4642,CUSTOMER 4642,São Carlos,-22.036706,-47.952438
4645,CUSTOMER 4645,Sao Francisco Do Conde,-12.730645,-38.614983
4648,CUSTOMER 4648,São Gabriel,-30.369014,-54.356349
4651,CUSTOMER 4651,São Gonçalo Do Rio Abaixo,-19.906715,-43.428089
4654,CUSTOMER 4654,São Gonçalo Do Rio Abaixo,-19.8692,-43.3962
4657,CUSTOMER 4657,Sao Goncalo Do Sapucai,-21.927834,-45.633518
4660,CUSTOMER 4660,São Gonçalo Do Sapucaí,-21.937935,-45.643694
4663,CUSTOMER 4663,São Gonçalo Do Sapucaí,-21.9272,-45.6332
4666,CUSTOMER 4666,São Jerônimo,-29.994611,-51.751699
4669,CUSTOMER 4669,São João Da Barra,-21.6772,-41.0852
4672,CUSTOMER 4672,São João Da Boa Vista,-22.017081,-46.830486
4675,CUSTOMER 4675,São João Da Boa Vista,-22.03704,-46.839067
4678,CUSTOMER 4678,São João Da Boa Vista,-22.036806,-46.838906
4681,CUSTOMER 4681,São João Del Rei,-21.20507,-44.3202
4684,CUSTOMER 4684,Sao Joaquim De Bicas,-20.0927,-44.3145
4687,CUSTOMER 4687,São Joaquim De Bicas,-20.0956,-44.3192
4690,CUSTOMER 4690,São Joaquim De Bicas,-20.095565,-44.31663500000001
4693,CUSTOMER 4693,São Joaquim De Bicas,-20.090092,-44.311213
4696,CUSTOMER 4696,São Joaquim De Bicas,-20.095565,-44.31663500000001
4699,CUSTOMER 4699,São José,-27.6592,-48.6822
4702,CUSTOMER 4702,São José,-27.6522,-48.6632
4705,CUSTOMER 4705,São José,-27.622268,-48.646833
4708,CUSTOMER 4708,São José,-27.599551,-48.65332100000001
4711,CUSTOMER 4711,São José,-27.627659,-48.654097
4714,CUSTOMER 4714,São José,-27.658957,-48.682015
4717,CUSTOMER 4717,São José,-27.6581,-48.679625
4720,CUSTOMER 4720,São José Do Norte,-32.044927,-52.076229
4723,CUSTOMER 4723,São José Dos Pinhais,-25.5571,-49.15130000000001
4726,CUSTOMER 4726,São José Dos Pinhais,-25.557,-49.15170000000001
4729,CUSTOMER 4729,São José Dos Pinhais,-25.5532,-49.15020000000001
4732,CUSTOMER 4732,São José Dos Pinhais,-25.5962,-49.1902
4735,CUSTOMER 4735,São José Dos Pinhais,-25.597276,-49.18259
4738,CUSTOMER 4738,São Leopoldo,-29.8152,-51.1632
4741,CUSTOMER 4741,São Leopoldo,-29.8112,-51.2022
4744,CUSTOMER 4744,São Leopoldo,-29.8112,-51.1842
4747,CUSTOMER 4747,São Leopoldo,-29.750092,-51.214679
4750,CUSTOMER 4750,São Leopoldo,-29.809624,-51.204055
4753,CUSTOMER 4753,São Leopoldo,-29.76742,-51.19393
4756,CUSTOMER 4756,Sao Paulo,-23.5378,-46.6467
4759,CUSTOMER 4759,Sao Paulo,-23.69516,-46.75528000000001
4762,CUSTOMER 4762,Sao Paulo,-23.510994,-46.733177
4765,CUSTOMER 4765,Sao Paulo,-23.7167,-46.7126
4768,CUSTOMER 4768,Sao Paulo,-23.56871,-46.59989
4771,CUSTOMER 4771,São Paulo,-23.495557,-46.609057
4774,CUSTOMER 4774,São Paulo,-23.5882,-46.6302
4777,CUSTOMER 4777,São Paulo,-23.8082,-46.7552
4780,CUSTOMER 4780,São Paulo,-23.627177,-46.63090200000001
4783,CUSTOMER 4783,São Paulo,-23.5902,-46.7052
4786,CUSTOMER 4786,São Paulo,-23.594285,-46.689896
4789,CUSTOMER 4789,São Paulo,-23.589549,-46.707342
4792,CUSTOMER 4792,São Paulo,-23.6492,-46.6852
4795,CUSTOMER 4795,São Paulo,-23.6032,-46.6342
4798,CUSTOMER 4798,São Paulo,-23.5718,-46.63209000000001
4801,CUSTOMER 4801,São Paulo,-23.57132,-46.63239
4804,CUSTOMER 4804,São Paulo,-23.5952,-46.4952
4807,CUSTOMER 4807,São Paulo,-23.6422,-46.5722
4810,CUSTOMER 4810,São Paulo,-23.63026,-46.4874
4813,CUSTOMER 4813,São Paulo,-23.5832,-46.64720000000001
4816,CUSTOMER 4816,São Paulo,-23.5432,-46.7132
4819,CUSTOMER 4819,São Paulo,-23.809,-46.75414000000001
4822,CUSTOMER 4822,São Paulo,-23.616642,-46.675386
4825,CUSTOMER 4825,São Paulo,-23.6487,-46.655616
4828,CUSTOMER 4828,São Paulo,-23.605691,-46.686546
4831,CUSTOMER 4831,São Paulo,-23.602226,-46.651623
4834,CUSTOMER 4834,São Paulo,-23.61945,-46.646802
4837,CUSTOMER 4837,São Paulo,-23.580079,-46.626071
4840,CUSTOMER 4840,São Paulo,-23.595271,-46.682363
4843,CUSTOMER 4843,São Paulo,-23.577674,-46.700076
4846,CUSTOMER 4846,São Paulo,-23.600018,-46.67277
4849,CUSTOMER 4849,São Paulo,-23.614787,-46.679724
4852,CUSTOMER 4852,São Paulo,-23.609457,-46.673974
4855,CUSTOMER 4855,São Paulo,-23.659038,-46.681609
4858,CUSTOMER 4858,São Paulo,-23.633265,-46.677705
4861,CUSTOMER 4861,São Paulo,-23.631534,-46.64411
4864,CUSTOMER 4864,São Paulo,-23.592462,-46.688911
4867,CUSTOMER 4867,São Paulo,-23.591404,-46.67448700000001
4870,CUSTOMER 4870,São Paulo,-23.584984,-46.694562
4873,CUSTOMER 4873,São Paulo,-23.60171,-46.67463600000001
4876,CUSTOMER 4876,São Paulo,-23.625251,-46.70878200000001
4879,CUSTOMER 4879,São Paulo,-23.573293,-46.43857300000001
4882,CUSTOMER 4882,São Paulo,-23.579234,-46.620801
4885,CUSTOMER 4885,São Paulo,-22.75315,-45.60078
4888,CUSTOMER 4888,São Paulo,-23.599444,-46.594357
4891,CUSTOMER 4891,São Paulo,-23.504395,-46.653741
4894,CUSTOMER 4894,São Paulo,-23.5444,-46.654397
4897,CUSTOMER 4897,São Paulo,-23.557461,-46.598418
4900,CUSTOMER 4900,São Paulo,-23.546905,-46.619055
4903,CUSTOMER 4903,São Paulo,-23.52527,-46.72399900000001
4906,CUSTOMER 4906,São Paulo,-23.640863,-46.71095200000001
4909,CUSTOMER 4909,São Paulo,-23.572388,-46.75773
4912,CUSTOMER 4912,São Paulo,-23.43523,-46.77982
4915,CUSTOMER 4915,São Paulo,-23.543632,-46.786258
4918,CUSTOMER 4918,São Paulo,-23.613113,-46.74306900000001
4921,CUSTOMER 4921,São Paulo,-23.600038,-46.776434
4924,CUSTOMER 4924,São Paulo,-23.51733,-46.7591
4927,CUSTOMER 4927,São Paulo,-23.572388,-46.75773
4930,CUSTOMER 4930,São Paulo,-23.620169,-46.71020900000001
4933,CUSTOMER 4933,São Paulo,-23.685737,-46.744854
4936,CUSTOMER 4936,São Paulo,-23.716344,-46.711613
4939,CUSTOMER 4939,São Paulo,-23.695283,-46.807991
4942,CUSTOMER 4942,São Paulo,-23.667683,-46.742601
4945,CUSTOMER 4945,São Paulo,-23.858826,-46.761897
4948,CUSTOMER 4948,São Paulo,-23.764273,-46.72609600000001
4951,CUSTOMER 4951,São Paulo,-23.784081,-46.72578
4954,CUSTOMER 4954,São Paulo,-23.636685,-46.696167
4957,CUSTOMER 4957,São Paulo,-23.806585,-46.75872500000001
4960,CUSTOMER 4960,São Paulo,-23.367953,-46.76282
4963,CUSTOMER 4963,São Paulo,-23.608374,-46.632328
4966,CUSTOMER 4966,São Paulo,-23.524198,-46.533594
4969,CUSTOMER 4969,São Paulo,-23.597793,-46.465479
4972,CUSTOMER 4972,São Paulo,-23.610935,-46.540204
4975,CUSTOMER 4975,São Paulo,-23.601168,-46.612938
4978,CUSTOMER 4978,São Paulo,-23.495419,-46.775648
4981,CUSTOMER 4981,São Paulo,-23.542635,-46.64733500000001
4984,CUSTOMER 4984,São Paulo,-23.705968,-46.678196
4987,CUSTOMER 4987,São Paulo,-23.706893,-46.733679
4990,CUSTOMER 4990,São Paulo,-23.50778,-46.65123000000001
4993,CUSTOMER 4993,São Paulo,-23.569454,-46.690668
4996,CUSTOMER 4996,São Paulo,-23.6179,-46.70265000000001
4999,CUSTOMER 4999,São Roque,-23.564781,-47.177364
5002,CUSTOMER 5002,São Roque,-23.572948,-47.173873
5005,CUSTOMER 5005,São Roque,-23.465869,-47.179409
5008,CUSTOMER 5008,São Sebastião Do Caí,-29.6282,-51.4102
5011,CUSTOMER 5011,São Sebastião Do Caí,-29.62406,-51.404578
5014,CUSTOMER 5014,São Sebastião Do Paraíso,-20.961145,-47.01845400000001
5017,CUSTOMER 5017,Sapiranga,-29.675911,-51.042171
5020,CUSTOMER 5020,Sapucaia Do Sul,-29.891291,-51.155525
5023,CUSTOMER 5023,Sapucaia Do Sul,-29.829863,-51.200397
5026,CUSTOMER 5026,Sarandi,-23.472573,-51.911297
5029,CUSTOMER 5029,Sarandi,-23.488972,-51.89436000000001
5032,CUSTOMER 5032,Sarzedo,-20.060598,-44.181316
5035,CUSTOMER 5035,Senador Canedo,-16.737989,-49.147227
5038,CUSTOMER 5038,Senador Canedo,-16.7392,-49.1432
5041,CUSTOMER 5041,Senador Canedo,-16.7622,-49.1792
5044,CUSTOMER 5044,Serra,-20.205604,-40.237244
5047,CUSTOMER 5047,Serra,-20.27165,-40.314469
5050,CUSTOMER 5050,Serra,-20.271658,-40.314485
5053,CUSTOMER 5053,Serra,-20.235459,-40.262627
5056,CUSTOMER 5056,Serra,-20.241046,-40.304242
5059,CUSTOMER 5059,Serra,-20.2259,-40.28161
5062,CUSTOMER 5062,Serrana,-21.247921,-47.635699
5065,CUSTOMER 5065,Sertãozinho,-21.1852,-48.0292
5068,CUSTOMER 5068,Sertãozinho,-21.192565,-48.026661
5071,CUSTOMER 5071,Sertãozinho,-21.182601,-48.049281
5074,CUSTOMER 5074,Sertãozinho,-21.202734,-48.038626
5077,CUSTOMER 5077,Sertãozinho,-21.170768,-48.05063800000001
5080,CUSTOMER 5080,Sertãozinho,-21.1842,-48.0362
5083,CUSTOMER 5083,Sertãozinho,-21.1752,-48.04020000000001
5086,CUSTOMER 5086,Sertãozinho,-21.1772,-48.03120000000001
5089,CUSTOMER 5089,Sertãozinho,-21.1698,-48.0543
5092,CUSTOMER 5092,Sertãozinho,-21.183744,-48.03642900000001
5095,CUSTOMER 5095,Sertãozinho,-21.198957,-48.01178
5098,CUSTOMER 5098,Sertãozinho,-21.198277,-48.009816
5101,CUSTOMER 5101,Sertãozinho,-21.170808,-48.05289500000001
5104,CUSTOMER 5104,Sertãozinho,-21.182732,-48.049257
5107,CUSTOMER 5107,Sertãozinho,-21.184566,-48.048237
5110,CUSTOMER 5110,Sertãozinho,-21.184831,-48.031175
5113,CUSTOMER 5113,Sertãozinho,-21.19902,-48.01613200000001
5116,CUSTOMER 5116,Sertãozinho,-21.187406,-48.031735
5119,CUSTOMER 5119,Sertãozinho,-21.185526,-48.02901300000001
5122,CUSTOMER 5122,Sertãozinho,-21.192565,-48.026661
5125,CUSTOMER 5125,Sertãozinho,-21.202829,-48.039984
5128,CUSTOMER 5128,Sertãozinho,-21.181643,-48.050445
5131,CUSTOMER 5131,Sertãozinho,-21.17088,-48.05064
5134,CUSTOMER 5134,Sertãozinho,-21.169902,-48.054251
5137,CUSTOMER 5137,Sertãozinho,-21.17197,-48.050087
5140,CUSTOMER 5140,Sete Lagoas,-19.500236,-44.275055
5143,CUSTOMER 5143,Sete Lagoas,-19.558642,-44.301251
5146,CUSTOMER 5146,Simões Filho,-12.82104,-38.43145000000001
5149,CUSTOMER 5149,Simões Filho,-12.804387,-38.481008
5152,CUSTOMER 5152,Simões Filho,-12.83012,-38.43007
5155,CUSTOMER 5155,Siqueira Campos,-23.7063,-49.8719
5158,CUSTOMER 5158,Siqueira Campos,-23.7162,-49.8812
5161,CUSTOMER 5161,Siqueira Campos,-23.706689,-49.872359
5164,CUSTOMER 5164,Sorocaba,-23.476352,-47.46083700000001
5167,CUSTOMER 5167,Sorocaba,-23.4742,-47.45820000000001
5170,CUSTOMER 5170,Sorocaba,-23.4932,-47.4412
5173,CUSTOMER 5173,Sorocaba,-23.5352,-47.4952
5176,CUSTOMER 5176,Sorocaba,-23.46238,-47.40441000000001
5179,CUSTOMER 5179,Sorocaba,-23.55304,-47.623063
5182,CUSTOMER 5182,Sorocaba,-23.4722,-47.3922
5185,CUSTOMER 5185,Sorocaba,-23.549075,-47.499576
5188,CUSTOMER 5188,Sorocaba,-23.528933,-47.508184
5191,CUSTOMER 5191,Sorocaba,-23.550682,-47.495018
5194,CUSTOMER 5194,Sorocaba,-23.550664,-47.495372
5197,CUSTOMER 5197,Sorocaba,-23.567894,-47.53083
5200,CUSTOMER 5200,Sorocaba,-23.562019,-47.553367
5203,CUSTOMER 5203,Sorocaba,-23.548337,-47.46513100000001
5206,CUSTOMER 5206,Sorocaba,-23.544818,-47.49139
5209,CUSTOMER 5209,Sorocaba,-23.534446,-47.479723
5212,CUSTOMER 5212,Sorocaba,-23.537087,-47.48906100000001
5215,CUSTOMER 5215,Sorocaba,-23.512946,-47.464751
5218,CUSTOMER 5218,Sorocaba,-23.537354,-47.439269
5221,CUSTOMER 5221,Sorocaba,-23.4772,-47.4572
5224,CUSTOMER 5224,Sorocaba,-23.4539,-47.4784
5227,CUSTOMER 5227,Sorocaba,-23.471522,-47.390756
5230,CUSTOMER 5230,Sorocaba,-23.534468,-47.477544
5233,CUSTOMER 5233,Sumaré,-22.85032,-47.27634
5236,CUSTOMER 5236,Sumaré,-22.854046,-47.305267
5239,CUSTOMER 5239,Sumaré,-22.85933,-47.23445400000001
5242,CUSTOMER 5242,Sumaré,-22.859857,-47.225397
5245,CUSTOMER 5245,Suzano,-23.576351,-46.307645
5248,CUSTOMER 5248,Suzano,-23.602557,-46.338596
5251,CUSTOMER 5251,Suzano,-23.6202,-46.3412
5254,CUSTOMER 5254,Suzano,-23.61706,-46.34674
5257,CUSTOMER 5257,Tamarana,-23.751627,-51.147367
5260,CUSTOMER 5260,Taquara,-29.679797,-50.813554
5263,CUSTOMER 5263,Taquari,-29.838186,-51.901831
5266,CUSTOMER 5266,Tatuí,-23.3678,-47.885513
5269,CUSTOMER 5269,Tatuí,-23.393095,-47.91277400000001
5272,CUSTOMER 5272,Tatuí,-23.3952,-47.8852
5275,CUSTOMER 5275,Teixeira De Freitas,-17.572854,-39.76836400000001
5278,CUSTOMER 5278,Telemaco Borba,-24.36948,-50.6749
5281,CUSTOMER 5281,Telêmaco Borba,-24.369136,-50.67256200000001
5284,CUSTOMER 5284,Telêmaco Borba,-24.345248,-50.643104
5287,CUSTOMER 5287,Telêmaco Borba,-24.345248,-50.643104
5290,CUSTOMER 5290,Três Corações,-21.7322,-45.2882
5293,CUSTOMER 5293,Três Corações,-21.73109,-45.291254
5296,CUSTOMER 5296,Três Corações,-21.732444,-45.28733200000001
5299,CUSTOMER 5299,Três Corações,-21.703808,-45.355823
5302,CUSTOMER 5302,Três Coroas,-29.553147,-50.813641
5305,CUSTOMER 5305,Três Rios,-22.157868,-43.25641400000001
5308,CUSTOMER 5308,Trindade,-16.67099,-49.449093
5311,CUSTOMER 5311,Tubarão,-28.508842,-49.02413900000001
5314,CUSTOMER 5314,Tubarão,-28.515854,-49.038645
5317,CUSTOMER 5317,Uberlândia,-18.911502,-48.295521
5320,CUSTOMER 5320,Uberlândia,-18.9332,-48.2762
5323,CUSTOMER 5323,Uberlândia,-18.9192,-48.3472
5326,CUSTOMER 5326,Uberlândia,-18.8857,-48.32640000000001
5329,CUSTOMER 5329,Uberlândia,-18.9122,-48.2952
5332,CUSTOMER 5332,Uberlândia,-18.9332,-48.2772
5335,CUSTOMER 5335,Uberlândia,-18.9542,-48.3132
5338,CUSTOMER 5338,Uberlândia,-18.8968,-48.3134
5341,CUSTOMER 5341,Uberlândia,-18.9641,-48.30090000000001
5344,CUSTOMER 5344,Uberlândia,-18.986407,-48.283132
5347,CUSTOMER 5347,Valença,-13.406267,-39.109625
5350,CUSTOMER 5350,Valinhos,-23.0482,-47.0562
5353,CUSTOMER 5353,Valinhos,-23.0023,-47.03230000000001
5356,CUSTOMER 5356,Valinhos,-23.0282,-47.0762
5359,CUSTOMER 5359,Varginha,-21.6662,-45.4502
5362,CUSTOMER 5362,Varginha,-21.591065,-45.475629
5365,CUSTOMER 5365,Varginha,-21.596072,-45.495764
5368,CUSTOMER 5368,Vassouras,-22.4402,-43.6972
5371,CUSTOMER 5371,Vassouras,-22.433132,-43.688499
5374,CUSTOMER 5374,Vassouras,-22.43664,-43.69572
5377,CUSTOMER 5377,Venâncio Aires,-29.647983,-52.215733
5380,CUSTOMER 5380,Vera Cruz,-29.752,-52.535588
5383,CUSTOMER 5383,Viamao,-30.117726,-51.088242
5386,CUSTOMER 5386,Vila Velha,-20.3662,-40.3272
5389,CUSTOMER 5389,Vila Velha,-20.379462,-40.33193
5392,CUSTOMER 5392,Vila Velha,-20.381075,-40.378227
5395,CUSTOMER 5395,Vila Velha,-20.379869,-40.37766000000001
5398,CUSTOMER 5398,Vila Velha,-20.37775,-40.341514
5401,CUSTOMER 5401,Vinhedo,-23.0502,-47.0212
5404,CUSTOMER 5404,Vitoria,-20.3019,-40.29020000000001
5407,CUSTOMER 5407,Vitoria,-20.29999,-40.29893000000001
5410,CUSTOMER 5410,Vitoria,-20.33024,-40.34096
5413,CUSTOMER 5413,Vitoria,-20.34081,-40.33779000000001
5416,CUSTOMER 5416,Vitória,-20.3002,-40.2922
5419,CUSTOMER 5419,Vitória,-20.3222,-40.2742
5422,CUSTOMER 5422,Vitória,-20.299803,-40.292414
5425,CUSTOMER 5425,Vitória,-20.299906,-40.29240100000001
5428,CUSTOMER 5428,Vitória,-20.299906,-40.29240100000001
